[
    {
        "here": "You smell really good."
    },
    {
        "here": "You're even more beautiful on the inside than you are on the outside."
    },
    {
        "here": "You have cute elbows. For reals! (You're halfway through the list. Don't stop now! You should be giving at least one awesome herepliment every day!)"
    },
    {
        "here": "You're even more beautiful on the inside than you are on the outside."
    },
    {
        "here": "If you were a scented candle they'd call it Perfectly Imperfect (and it would smell like summer)."
    },
    {
        "here": "You're always learning new things and trying to better yourself, which is awesome."
    },
    {
        "here": "You're so thoughtful."
    },
    {
        "here": "You're all that and a super-size bag of chips."
    },
    {
        "here": "Everyone gets knocked down sometimes, but you always get back up and keep going."
    },
    {
        "here": "You have the best laugh."
    },
    {
        "here": "Hanging out with you is always a blast."
    },
    {
        "here": "You are enough."
    },
    {
        "here": "You're so thoughtful."
    },
    {
        "here": "You're one of a kind!"
    },
    {
        "here": "You're someone's reason to smile."
    },
    {
        "here": "You're a smart cookie."
    }
]