[
    {
        "dare": "Select one mobile number blindfolded from your contacts and send one breakup message to him/her. Screenshot the response."
    },
    {
        "dare": "Send next five text messages to your friends using your elbow only."
    },
    {
        "dare": "Text flirt and then send “I love you” to a someone already in a relationship (not married) and screenshot his/her reaction"
    },
    {
        "dare": "Put my picture as your mobile wallpaper for three days."
    },
    {
        "dare": "Send your ugliest selfie."
    },
    {
        "dare": "Make a video call to me and perform belly dance."
    },
    {
        "dare": "Make a voice call to me and sing rhymes."
    },
    {
        "dare": "Send a screenshot of your search history of last 2 days."
    },
    {
        "dare": "Send next five text messages to your friends using your elbow only."
    },
    {
        "dare": "Send a message to your crush saying I’ve lost my condoms in your home please find them."
    },
    {
        "dare": "Wear your dress upside down and send that picture to me."
    },
    {
        "dare": "I’ll give you a person's contact information and send a romantic message to that person."
    },
    {
        "dare": "Send a selfie of yours while keeping your finger in your nose."
    },
    {
        "dare": "Send a video of you dancing."
    },
    {
        "dare": "Call me and sing a song for me."
    },
    {
        "dare": "Set your crush's profile picture as your profile picture."
    },
    {
        "dare": "Send five photo from your gallery."
    },
    {
        "dare": "Select one mobile number blindfolded from your contacts and send one breakup message to him/her. Screenshot the response."
    },
    {
        "dare": "Be my one day boyfriend or girlfriend."
    }
]