[
    {
        "title": "Credits to u/Chip_Saw for the template",
        "url": "https://i.redd.it/ktsjyijdkfj61.jpg",
        "category": "dankmemes"
    },
    {
        "title": "This is my spirit animal in a nut shell",
        "url": "https://i.redd.it/5lg0ayq6lhj61.jpg",
        "category": "memes"
    },
    {
        "title": "me_irl",
        "url": "https://i.redd.it/ncc0xq5sfjj61.jpg",
        "category": "me_irl"
    },
    {
        "title": "me_irl",
        "url": "https://i.redd.it/q5g8mmhdzcj61.png",
        "category": "me_irl"
    },
    {
        "title": "me irl",
        "url": "https://i.redd.it/bv9e6vu8jgj61.jpg",
        "category": "me irl"
    },
    {
        "title": "So it was a fucking lie",
        "url": "https://i.redd.it/dkck2naxofj61.jpg",
        "category": "memes"
    },
    {
        "title": "the best solution",
        "url": "https://i.redd.it/akw575wrfgj61.gif",
        "category": "dankmemes"
    },
    {
        "title": "Big sad",
        "url": "https://i.redd.it/w3fnpu2e7jj61.jpg",
        "category": "memes"
    },
    {
        "title": "Do be like that tho",
        "url": "https://i.redd.it/hzlxved5uij61.jpg",
        "category": "memes"
    },
    {
        "title": "Cheese sticks",
        "url": "https://i.redd.it/u6ymwmbtahj61.jpg",
        "category": "memes"
    },
    {
        "title": "Me_irl",
        "url": "https://i.redd.it/x0uovypdihj61.jpg",
        "category": "Me_irl"
    },
    {
        "title": "me_irl",
        "url": "https://i.redd.it/ncc0xq5sfjj61.jpg",
        "category": "me_irl"
    },
    {
        "title": "me_irl",
        "url": "https://i.redd.it/7u1ud0pachj61.png",
        "category": "me_irl"
    },
    {
        "title": "New USPS vehicle concept got me thinking...",
        "url": "https://i.redd.it/hmqnxyifkgj61.jpg",
        "category": "memes"
    },
    {
        "title": "5 ft gang rise up",
        "url": "https://i.redd.it/9xpredgycej61.png",
        "category": "dankmemes"
    },
    {
        "title": "Better crossover than endgame?",
        "url": "https://i.redd.it/ysdxx19lifj61.jpg",
        "category": "dankmemes"
    },
    {
        "title": "me_irl",
        "url": "https://i.redd.it/w4qx46lfkgj61.png",
        "category": "me_irl"
    },
    {
        "title": "Me_irl",
        "url": "https://i.redd.it/qr7sb1etfij61.jpg",
        "category": "Me_irl"
    },
    {
        "title": "not me tho ... I'm cool with it",
        "url": "https://i.redd.it/0w5m7t69lfj61.gif",
        "category": "dankmemes"
    },
    {
        "title": "image.png",
        "url": "https://i.redd.it/sz42gxcuhjj61.png",
        "category": "memes"
    },
    {
        "title": "funniest shit I’ve ever seen",
        "url": "https://i.redd.it/1oqr7km50ej61.jpg",
        "category": "dankmemes"
    },
    {
        "title": "Can't die if I'm dead",
        "url": "https://i.redd.it/jo9ya3a81hj61.jpg",
        "category": "memes"
    },
    {
        "title": "surely my proudest fap",
        "url": "https://i.redd.it/chy0p3emcgj61.jpg",
        "category": "dankmemes"
    },
    {
        "title": "taking random lines from big hero 6 and turning them into memes until we get another movie day 2",
        "url": "https://i.redd.it/orm54voorfj61.png",
        "category": "dankmemes"
    },
    {
        "title": "Serious eye test",
        "url": "https://i.redd.it/weiyqgbh3ij61.jpg",
        "category": "memes"
    },
    {
        "title": "Me_irl",
        "url": "https://i.redd.it/5dz5zjassfj61.jpg",
        "category": "Me_irl"
    },
    {
        "title": "Salutes*",
        "url": "https://i.redd.it/u2k4ulw7rgj61.jpg",
        "category": "memes"
    },
    {
        "title": "Its always fun",
        "url": "https://i.redd.it/oj4dm1xo0jj61.jpg",
        "category": "dankmemes"
    },
    {
        "title": "Say the line",
        "url": "https://i.redd.it/y6bhzr4lyhj61.jpg",
        "category": "memes"
    },
    {
        "title": "Yes that's a pogo stick plunger 😂",
        "url": "https://i.redd.it/b34patlvxgj61.jpg",
        "category": "dankmemes"
    },
    {
        "title": "My eyes,it hurts",
        "url": "https://i.redd.it/37wlhwye6fj61.jpg",
        "category": "memes"
    },
    {
        "title": "He's dead",
        "url": "https://i.redd.it/zzir8qvz4ij61.jpg",
        "category": "dankmemes"
    },
    {
        "title": "It's true!",
        "url": "https://i.redd.it/s43uw9k1zhj61.png",
        "category": "memes"
    },
    {
        "title": "not me tho ... I'm cool with it",
        "url": "https://i.redd.it/0w5m7t69lfj61.gif",
        "category": "dankmemes"
    },
    {
        "title": "me_irl",
        "url": "https://i.redd.it/g11vo7rt2jj61.png",
        "category": "me_irl"
    },
    {
        "title": "How did this happen we’re better than this",
        "url": "https://i.redd.it/r8h34ogqhhj61.jpg",
        "category": "dankmemes"
    },
    {
        "title": "Sorry little one",
        "url": "https://i.redd.it/npipo9k2vgj61.gif",
        "category": "dankmemes"
    },
    {
        "title": "me_irl",
        "url": "https://i.redd.it/w4qx46lfkgj61.png",
        "category": "me_irl"
    },
    {
        "title": "Slide slide slippity slide",
        "url": "https://i.redd.it/4uofhh6oyfj61.gif",
        "category": "memes"
    },
    {
        "title": "Me_irl",
        "url": "https://i.redd.it/k4gs0yj4chj61.jpg",
        "category": "Me_irl"
    },
    {
        "title": "What am I supposed to do when it's down, do my homework?",
        "url": "https://i.redd.it/fqkfb2aqzhj61.png",
        "category": "memes"
    },
    {
        "title": "Self depravation go brrrr",
        "url": "https://i.redd.it/k57fexnmjgj61.jpg",
        "category": "memes"
    },
    {
        "title": "me_irl",
        "url": "https://i.redd.it/c64omxs4gfj61.png",
        "category": "me_irl"
    },
    {
        "title": "I hate people like this?",
        "url": "https://i.redd.it/amlpbavrkdj61.jpg",
        "category": "dankmemes"
    },
    {
        "title": "me😈irl",
        "url": "https://i.redd.it/ktqggz3chjj61.jpg",
        "category": "me_irl"
    },
    {
        "title": "me_irl",
        "url": "https://i.redd.it/in4e2bdhqhj61.jpg",
        "category": "me_irl"
    },
    {
        "title": "Me_irl",
        "url": "https://i.redd.it/qo8zlqzdcdj61.png",
        "category": "Me_irl"
    },
    {
        "title": "ruler of everything is a jam",
        "url": "https://i.redd.it/l5jkwq9cijj61.gif",
        "category": "dankmemes"
    },
    {
        "title": "surely my proudest fap",
        "url": "https://i.redd.it/chy0p3emcgj61.jpg",
        "category": "dankmemes"
    },
    {
        "title": "Wii-ll this post on r/memes? Who knows.",
        "url": "https://i.redd.it/15nvu4aj8kj61.png",
        "category": "memes"
    },
    {
        "title": "Yes you are!",
        "url": "https://i.redd.it/1ns1gmgfbkj61.jpg",
        "category": "wholesomememes"
    },
    {
        "title": "Who's my little munchkin?",
        "url": "https://i.redd.it/9hj1dd7rs7j61.gif",
        "category": "wholesomememes"
    },
    {
        "title": "You Know It's True.",
        "url": "https://i.redd.it/3pp9921yfgj61.png",
        "category": "wholesomememes"
    },
    {
        "title": "“Archaeopteryx”, 20x20 Oil on Canvas",
        "url": "https://i.redd.it/cyyutod3fri61.jpg",
        "category": "surreal"
    },
    {
        "title": "Diary of a wimpy kid #19 a trip to Russia",
        "url": "https://i.redd.it/lu7iz91wzij61.jpg",
        "category": "memes"
    },
    {
        "title": "me🥚irl",
        "url": "https://i.redd.it/x4y7j17rjjj61.jpg",
        "category": "me_irl"
    },
    {
        "title": "Plebeians",
        "url": "https://i.redd.it/uwtbmby9ckj61.png",
        "category": "memes"
    },
    {
        "title": "Lets get fucken rowdy",
        "url": "https://i.redd.it/to995cgdhkj61.png",
        "category": "dankmemes"
    },
    {
        "title": "me_irl",
        "url": "https://i.redd.it/0w1cnxxb3ij61.jpg",
        "category": "me_irl"
    },
    {
        "title": "me irl",
        "url": "https://i.redd.it/v2k6pcoyljj61.jpg",
        "category": "me_irl"
    },
    {
        "title": "The final form",
        "url": "https://i.redd.it/n26serxrvkj61.jpg",
        "category": "dankmemes"
    },
    {
        "title": "A Series of Unfortunate Events",
        "url": "https://i.redd.it/rpyd96iuaej61.gif",
        "category": "dankmemes"
    },
    {
        "title": "me_irl",
        "url": "https://i.redd.it/h3e70tqpyjj61.jpg",
        "category": "me_irl"
    },
    {
        "title": "me💻irl",
        "url": "https://i.redd.it/up18esookbj61.png",
        "category": "me_irl"
    },
    {
        "title": "me🙄irl",
        "url": "https://i.redd.it/arzofikzvfj61.png",
        "category": "me_irl"
    },
    {
        "title": "me_irl",
        "url": "https://i.redd.it/2b1j91qvhlj61.jpg",
        "category": "me_irl"
    },
    {
        "title": "me irl",
        "url": "https://i.redd.it/cd597qz05cj61.jpg",
        "category": "me irl"
    },
    {
        "title": "me irl",
        "url": "https://i.redd.it/xnrhz4qa0kj61.jpg",
        "category": "me_irl"
    }
]
